{
  "203": {
    "packetId": 203,
    "stream": 70,
    "sequence": 1,
    "compressed": true,
    "payloadSize": 28109,
    "payloadFile": "203.payload.bin",
    "rawFile": "203.packet.bin",
    "totalLength": 28128,
    "tail": 287454020,
    "frame": 1874,
    "time": 23.2773527,
    "sha256": "8fa5eda0bc450d120134d223ada689ee36aa16b7e07ce0cf56f5afcb0acc15e6"
  },
  "217": {
    "packetId": 217,
    "stream": 53,
    "sequence": 1,
    "compressed": true,
    "payloadSize": 7603,
    "payloadFile": "217.payload.bin",
    "rawFile": "217.packet.bin",
    "totalLength": 7621,
    "tail": 287454020,
    "frame": 1447,
    "time": 9.623802,
    "sha256": "68bdf68bf1ef6e6f0053dbe63ee1c1660133028f748ce6b2fc3d4a5bf0cd0026"
  }
}
